The Mummy,1932
Orphans of the Storm,1921
Night Tide,1963
One Magic Christmas,1985
Nosferatu: Original Version,1929
Broken Blossoms,1919
The Birth of a Nation,1915
The Boys from Brazil,1978
Big Doll House,1971
The Breakfast Club,1985
The Bride of Frankenstein,1935
Bustin' Loose,1981
The Beguiled,1971
Born on the Fourth of July,1989
Broadcast News,1987
Brighton Beach Memoirs,1986
The Best of Times,1986
Last Tango in Paris,1972
The Lady Vanishes,1938
Into the Woods,1990
Joe Kidd,1972
King Kong,1976
Internal Affairs,1990
Jesus Christ Superstar,1973
Easy Money,1987
Do the Right Thing,1989
Days of Heaven,1978
Disco Godfather,1979
The Eiger Sanction,1975
Elvis '56,1987
Evil Dead 2: Dead by Dawn,1987
Eat My Dust!,1976
Dr. Jekyll and Mr. Hyde,1920
48 Hrs.,1982
The Baby,1973
The Andromeda Strain,1971
Another 48 Hrs.,1990
All About Eve,1950
The Aristocats,1970
Barbarella,1968
The Asphyx,1973
Apocalypse Now,1979
Leviathan,1989
The Mark of Zorro,1920
The Mikado,1939
Lionheart,1990
Minnie and Moskowitz,1971
The Hunt for Red October,1990
The Hindenburg,1975
I Spit on Your Grave,1978
Hellbound: Hellraiser II,1988
House of Whipcord,1974
The Great Outdoors,1988
Heaven's Gate,1980
House on Haunted Hill,1959
The Golden Child,1986
The Great Waldo Pepper,1975
Godzilla: King of the Monsters,1956
High Noon,1952
The Hunchback of Notre Dame,1923
Heathers,1989
Godzilla's Revenge,1969
Henry: Portrait of a Serial Killer,1986
Godzilla vs. Mothra,1964
The Grifters,1990
A Fish Called Wanda,1988
Gentleman's Agreement,1947
Ghostbusters,1984
Fascination,1979
Go West,1925
Ferris Bueller's Day Off,1986
Gallipoli,1981
Girl on a Motorcycle,1968
The Falcon and the Snowman,1985
Red Scorpion,1989
Reefer Madness,1936
The Battleship Potemkin,1925
Platoon,1986
Re-Animator,1985
Reds,1981
Conan the Destroyer,1984
Creator,1985
Child's Play 2: Chucky's Back,1990
Chitty Chitty Bang Bang,1968
Caligula,1979
The Cat and the Canary,1927
Class of Nuke 'Em High,1986
Coming to America,1988
The Serpent and the Rainbow,1988
Silent Running,1971
Sally of the Sawdust,1925
The Secret of NIMH,1982
A Shot in the Dark,1964
Shoot Out,1971
Salome's Last Dance,1988
Slaughterhouse-Five,1972
The Toxic Avenger: Part 2,1989
WarGames,1983
Way Down East,1920
Ulzana's Raid,1972
Where the Buffalo Roam,1980
Top Gun,1986
True Grit,1969
The Toxic Avenger,1985
The Two Jakes,1990
Star Trek IV: The Voyage Home,1986
Somewhere in Time,1980
Star Trek III: The Search for Spock,1984
The Thief of Bagdad,1924
Surf Nazis Must Die,1987
Three Ages,1923
Swashbuckler,1976
Steamboat Bill  Jr.,1928
Terror of Mechagodzilla,1975
They Might Be Giants,1971
The Canterbury Tales,1972
The Sinful Nuns of St. Valentine,1974
The Great Train Robbery,1978
A Star Is Born,1937
The Mighty Peking Man,1977
Project A 2,1987
Baron Blood,1972
The Official Story,1985
On Any Sunday,1971
Nothing Sacred,1937
Beneath the 12-Mile Reef,1953
Triads: The Inside Story,1989
Operation Condor 2: Armour of the Gods,1987
Chandni,1989
Daag,1973
Marlene,1984
Chariots of the Gods,1970
Callie &#38; Son,1981
Bay of Blood,1971
Intolerance,1916
Black Sunday,1960
Lost in New York,1989
The General,1926
The Wolf Man,1941
Abbott &#38; Costello: Africa Screams,1949
Charade,1963
Deathsport,1978
Seven Chances,1925
Butch Cassidy and the Sundance Kid,1969
Dracula,1931
Love Is a Many-Splendored Thing,1955
Bloodfist 2,1990
The Last Temptation of Christ,1988
Our Town,1940
The Fox and the Hound,1981
Ghost Dad,1990
Jackie Chan's Project A,1983
The Trial,1962
The Tempest,1979
The Van,1977
Switchblade Sisters,1975
American Gigolo,1980
White Zombie,1932
The Endless Summer,1966
The House of Exorcism,1975
The Sacrifice,1986
Kill  Baby... Kill!,1966
Lisa &#38; the Devil,1974
Clue,1985
The Brother from Another Planet,1984
Manhattan,1979
The Rescuers Down Under,1990
Chronicle of Anna Magdalena Bach,1968
In Old California,1942
Tie Me Up! Tie Me Down!,1990
Dreamscape,1984
Hatchet for the Honeymoon,1970
Romeo &#38; Juliet,1968
Grease,1978
Planet of the Apes,1968
Brian's Song,1971
Star Trek II: The Wrath of Khan,1982
Strike,1925
The Awful Dr. Orlof,1962
The Girl Who Knew Too Much,1963
Black Sabbath,1964
Pumpkinhead,1988
Kabhi Kabhie,1976
Silsila,1981
Robin Hood,1973
Solar Crisis,1990
Shane,1953
Female Vampire,1973
Beach Party,1963
Frogs,1972
Pet Sematary,1989
Sorority House Massacre,1986
Rosemary's Baby,1968
The Philadelphia Experiment,1984
Santa Claus: The Movie,1985
Doctor Dolittle,1967
Blood Beast Terror,1967
Quadrophenia,1979
Mysterious Mr. Wong,1935
Brain Dead,1990
Talk Radio,1988
Slugs,1987
The Trial of Billy Jack,1974
Mashaal,1984
The Bounty,1984
My Tutor,1983
The Stuff,1985
Detroit 9000,1973
Cheech &#38; Chong's Up in Smoke,1978
White Christmas,1954
His Girl Friday,1940
Cherry 2000,1987
The Odd Couple,1968
The Sword in the Stone,1963
The Conversation,1974
Stephen King's Children of the Corn,1984
Friday Foster,1975
Foxy Brown,1974
I'm Gonna Git You Sucka,1988
Sheba  Baby,1975
Coffy,1973
Truck Turner,1974
Cabiria,1914
Attack of the Puppet People,1958
The Man from Planet X,1951
The Untouchables,1987
Die Screaming  Marianne,1971
Caesar and Cleopatra,1945
An Officer and a Gentleman,1982
Brubaker,1980
Caravans,1978
Casanova '70,1965
Casanova Brown,1944
Carmen Jones,1954
Belle of the Yukon,1944
Beverly Hills Cop II,1987
Beverly Hills Cop,1984
Breaking Away,1979
Ordinary People,1980
Terms of Endearment,1983
C.H.U.D.,1984
Black Moon Rising,1986
Sister Sister,1987
How to Marry a Millionaire,1953
The Seven Year Itch,1955
There's No Business Like Show Business,1954
Girls Just Want to Have Fun,1985
Electra,1962
Dumbo,1941
Endless Love,1981
Joe,1970
Fellini's Casanova,1976
Flashdance,1983
Fatal Attraction,1987
Crimes of the Heart,1986
Harry and Tonto,1974
Mary  Queen of Scots,1971
Metropolitan,1990
Roman Holiday,1953
My Brilliant Career,1979
Remo Williams: The Adventure Begins,1985
Never on Sunday,1960
Of Human Bondage,1934
Same Time  Next Year,1978
The Brink's Job,1978
She Done Him Wrong,1933
The Ghost and Mrs. Muir,1947
The Best Little Whorehouse in Texas,1982
Sometimes a Great Notion,1971
Tempest,1928
Svengali,1931
Sunflower,1970
The Field,1990
The African Queen,1951
The Agony and the Ecstasy,1965
The Accused,1988
Serpico,1973
The Dead,1987
The Promise,1979
The Rescuers,1977
The Inn of the Sixth Happiness,1958
The Woman in Red,1984
The Other Side of the Mountain,1975
The Paper Chase,1973
The Nasty Girl,1990
The Naked City,1948
The Sting II,1983
The Man Who Shot Liberty Valance,1962
The Molly Maguires,1970
Twelve O'Clock High,1949
The Men,1950
The Lady Eve,1941
Trading Places,1983
The Sand Pebbles,1966
Imitation of Life,1959
Witness for the Prosecution,1957
Young Mr. Lincoln,1939
War and Peace,1956
Marriage Italian Style,1964
Hondo,1953
Von Ryan's Express,1965
Valley of the Dolls,1967
Valmont,1989
Not of This Earth,1988
Zombie Lake,1981
Oasis of the Zombies,1982
The Great Gatsby,1974
The Young Girls of Rochefort,1967
Orloff and the Invisible Man,1970
Blackadder: Series 3,1987
Blackadder: Series 2,1986
Blackadder: Series 1,1983
Blackadder: Series 4,1989
Love Story,1970
Hollywood Boulevard,1976
The Libertine,1968
Blame It on Rio,1984
Lust in the Dust,1985
The Dunwich Horror,1970
Hell Up in Harlem,1973
She-Devil,1989
George Carlin: On Location With George Carlin,1977
George Carlin Again!,1978
George Carlin: Carlin on Campus,1984
George Carlin: Carlin at Carnegie,1982
The French Connection II,1975
Beach Blanket Bingo,1965
Donovan's Brain,1953
Dressed to Kill,1980
The Nine Lives of Fritz the Cat,1974
Deathstalker,1983
Barbarian Queen,1985
Colors,1988
Quigley Down Under,1990
The Return of a Man Called Horse,1976
Running Scared,1986
Terror Within,1989
Killer Klowns from Outer Space,1988
Gregory's Girl,1981
Lone Wolf McQuade,1983
The Dogs of War,1980
The Russia House,1990
The Adventures of Buckaroo Banzai Across the 8th Dimension,1984
J.D.'s Revenge,1976
De Sade,1969
The Bad News Bears,1976
The Many Adventures of Winnie the Pooh,1977
The Bad News Bears Go to Japan!,1978
The Bad News Bears in Breaking Training,1977
Triumph of the Spirit,1989
Less Than Zero,1987
Say Anything...,1989
Nakhuda,1981
Vijay,1988
Nomads,1986
Desperate Hours,1990
Monkey Business,1952
The Man from Snowy River,1982
Hard Lessons,1986
River of No Return,1954
Slap Shot,1977
The Gambler,1974
The Beloved Rogue,1927
The Iron Mask,1929
The Great Mouse Detective,1986
Siberian Lady Macbeth,1962
The Toxic Avenger: Part 3,1989
In Like Flint,1967
Cinema Paradiso,1988
Down and Out in Beverly Hills,1986
Silver Bullet,1985
Graveyard Shift,1990
Pretty in Pink,1986
The Care Bears Movie,1985
The Long Goodbye,1973
The Onion Field,1979
House II: The Second Story,1987
House,1986
Hopscotch,1980
The Sidewalks of Bangkok,1984
Transylvania 6-5000,1985
Vamp,1986
The Boys Next Door,1985
The Hills Have Eyes 2,1984
Crimson,1973
Urban Cowboy,1980
Staying Alive,1983
The Big Knife,1955
Elvira  Mistress of the Dark,1988
The Rocking Horse Winner,1950
Date with an Angel,1987
Bad Boys,1983
Can't Stop the Music,1980
Creepshow 2,1987
Highlander,1986
Hellraiser,1987
Flowers in the Attic,1987
The Cook  The Thief  His Wife  and Her Lover,1989
The Long Walk Home,1990
Death of a Salesman,1985
George Carlin: Playing with Your Head,1986
Far Out Man,1990
Road House,1989
The Water Babies,1978
A Little Sex,1982
North Shore,1987
Strand: Under the Dark Cloth,1989
The Black Stallion Returns,1983
Messenger of Death,1988
The Glass Menagerie,1973
George Carlin: What Am I Doing in New Jersey?,1988
Hardware,1990
Red Dwarf: Series 2,1988
Red Dwarf: Series 1,1988
A Doll's House,1973
Otello,1986
Roy Colt and Winchester Jack,1970
Who Framed Roger Rabbit,1988
Howling 3: The Marsupials,1987
Breakin' 2: Electric Boogaloo,1984
Beat Street,1984
Two-Way Stretch,1960
Stripped to Kill,1987
Car Wash,1976
Lianna,1983
You Only Live Once,1937
My Left Foot,1989
Zulu,1964
Two Mules for Sister Sara,1970
Battle of Britain,1969
The Eleanor Roosevelt Story,1965
Miller's Crossing,1990
The Desert Fox: The Story of Rommel,1951
Style Wars,1983
Man with a Movie Camera,1929
Revenge of the Ninja,1983
The Private Life of Sherlock Holmes,1970
Rowing with the Wind,1988
Targets,1968
House of Cards Trilogy I (BBC): House of Cards,1990
Duck Soup,1933
Back to School,1986
Sgt. Pepper's Lonely Hearts Club Band,1978
Escape to Witch Mountain,1975
Dances with Wolves,1990
Assault of the Party Nerds,1989
National Geographic: Search for the Battleship Bismarck,1989
Monty Python's The Meaning of Life,1983
They Made Me a Fugitive,1947
The Lair of the White Worm,1988
More American Graffiti,1979
Mad Monster Party,1967
How to Frame a Figg,1971
Cheech &#38; Chong's Next Movie,1980
The Shakiest Gun in the West,1968
Masterpiece Classic: Upstairs  Downstairs: Series 2,1972
Double Indemnity,1944
Elizabeth R,1971
Masterpiece Classic: Upstairs  Downstairs: Series 1,1971
Chattahoochee,1989
A Kiss Before Dying,1956
The Angry Red Planet,1959
The Manhattan Project,1986
Once Bitten,1985
Cheers: Season 1,1982
Lonesome Dove,1989
Mr. Bean: The Whole Bean,1990
Star Trek: The Next Generation: Season 1,1987
Star Trek: The Next Generation: Season 3,1989
Keeping Up Appearances,1990
All Creatures Great and Small: Series 2,1978
Law &#38; Order: Season 1,1990
Masterpiece Classic: Upstairs  Downstairs: Series 5,1975
Masterpiece Classic: Upstairs  Downstairs: Series 4,1974
Star Trek: The Next Generation: Season 4,1990
All Creatures Great and Small: Series 1,1978
Ken Burns: The Civil War,1990
Masterpiece Classic: Upstairs  Downstairs: Series 3,1973
Star Trek: The Next Generation: Season 2,1988
Star Trek: Season 3,1968
All Creatures Great and Small: Series 3,1979
Star Trek: Season 2,1967
Dark Shadows: Collection 4,1967
Dark Shadows: Collection 3,1967
Dark Shadows: Collection 2,1967
Dark Shadows: Collection 1,1967
Black Sunday,1977
Promised Land,1987
Alice in Wonderland,1951
The Dick Van Dyke Show: Season 1,1961
Dead End Drive-In,1986
National Lampoon's Christmas Vacation,1989
Frankenstein and the Monster From Hell,1974
It,1927
Bells of Coronado,1950
The Bloody Judge,1970
Days of Jesse James,1939
Faust,1926
Convoy,1978
Cheers: Season 2,1983
The Dick Van Dyke Show: Season 2,1962
Once Upon a Time in the West,1968
Moon of the Wolf,1972
Twister,1989
Crime of Passion,1957
Dead Sleep,1990
I've Heard the Mermaids Singing,1987
Transformers: Season 1,1984
One from the Heart,1982
Passion of Anna,1969
Death Wish 4: The Crackdown,1987
Flesh + Blood,1985
Death Wish 2,1982
I Was a Male War Bride,1949
The Pirates of Penzance,1983
Babar: The Movie,1989
Blacula,1972
Red Dwarf: Series 3,1989
Stanley &#38; Iris,1990
Pressure Point,1962
Biloxi Blues,1988
The Monkey Hustle,1976
Radio Bikini,1988
Best Defense,1984
The Thin Blue Line,1988
The Dick Van Dyke Show: Season 3,1963
Rosencrantz and Guildenstern Are Dead,1990
Dead Heat,1988
Powwow Highway,1989
Dragon Lord,1982
Fela Kuti: Music Is the Weapon,1982
King of New York,1990
Where the Red Fern Grows,1974
The Kids in the Hall: Season 1,1989
A Room with a View,1986
Quantum Leap: Season 1,1989
Deadly Blessing,1981
The Black Godfather,1974
The Dick Van Dyke Show: Season 4,1964
A Night in Casablanca,1946
Paris Is Burning,1990
The Winds of War,1983
Nightmares Come at Night,1970
Return of the Killer Tomatoes,1988
Return to Horror High,1987
The Border,1982
The Final Countdown,1980
Summer School,1987
Nighthawks,1981
Cheers: Season 3,1984
Shakedown,1988
Masquerade,1988
Across the Tracks,1989
Breezy,1973
The A-Team: Season 1,1983
Cold Feet,1989
Charlie Chan: The Secret Service,1944
Tuff Turf,1985
Heartburn,1986
Big Top Pee-Wee,1988
Crazy People,1990
The Scarlet Clue,1945
The Dick Van Dyke Show: Season 5,1965
A Woman Is a Woman,1961
The Big Boss,1971
The Invisible Man: Special Edition,1933
Knight Rider: Season 1,1982
The Belle of Amherst,1976
Joyride,1977
The Apple,1980
The Munsters: Season 1,1964
The Passionate Friends,1949
Another Country,1984
Columbo: Season 1,1968
Raw,1987
Moving Target,1988
Magnum P.I.: Season 1,1980
All Creatures Great and Small: Series 4,1988
Scarlet Street,1945
Mansfield Park,1983
G.I. Joe: Season 2.0,1986
Footloose,1984
The Dream Team,1989
The Man with One Red Shoe,1985
The Andy Griffith Show: Season 1,1960
True Confessions,1981
Yanks,1979
The Last of England,1988
Carve Her Name with Pride,1958
Erik the Viking,1989
Lady Chatterley's Lover,1981
My Name Is Nobody,1974
Daughters of Satan,1972
Kaala Patthar,1979
Sebastiane,1976
The Initiation,1984
Sawaal,1982
Santa Claus Conquers the Martians,1964
Sword of Gideon,1986
The Panic in Needle Park,1971
Murder One,1988
Doctor in the House,1954
Bad Timing,1980
Murder by Decree,1979
Doosara Aadmi,1973
Dr. Mabuse: The Gambler,1922
Kagemusha,1980
A Force of One,1979
Clockwise,1986
The Octagon,1980
As Tears Go By,1988
Sweet Liberty,1986
The Kids in the Hall: Season 2,1990
Cloak &#38; Dagger,1984
Days of Being Wild,1990
Revenge in the House of Usher,1988
Little Miss Marker,1980
28 Up,1985
21 Up,1977
Pride and Prejudice,1980
Explorers,1985
Howling IV: The Original Nightmare,1988
The Krays,1990
L'Age D'Or,1930
Woman in the Moon,1929
Charley Varrick,1973
Justine,1977
Battlestar Galactica: Complete Epic Series,1978
Quantum Leap: Season 2,1989
Iceman,1984
Breaker Morant: Masterworks Edition,1980
Cheers: Season 4,1985
Modern Problems,1981
Project X,1987
MacGyver: Season 1,1985
Monkey on My Back,1957
Inspector Alleyn Mysteries: Set 1,1990
Anna Lucasta,1958
Edward &#38; Mrs. Simpson,1978
Miami Vice: Season 1,1984
Crack House,1989
The Rockford Files: Season 1,1974
Paradise Alley,1978
D.C. Cab,1983
Columbo: Season 2,1972
The Fast and the Furious,1955
Bloody Birthday,1981
C.H.O.M.P.S.,1979
The Blue Angel (German Version),1930
The Hardy Boys Nancy Drew Mysteries: Season 1,1977
Lady Frankenstein,1971
The A-Team: Season 2,1983
The Vineyard,1989
Magnum P.I.: Season 2,1981
Mountaintop Motel Massacre,1986
Call Northside 777,1948
Sleepaway Camp II: Unhappy Campers,1988
Mad Dog Morgan,1976
Knight Rider: Season 2,1983
Sleepaway Camp III: Teenage Wasteland,1989
Attack of the Crab Monsters,1957
The Bingo Long Traveling All-Stars and Motor Kings,1976
5 Dolls for an August Moon,1970
Au Pair Girls,1972
Christopher Columbus,1949
The Twilight Zone: Season 2 (Original Series),1960
The Secret of Nikola Tesla,1980
Gung Ho!,1943
Jane Eyre,1983
Hell's House,1932
Ffolkes,1979
Going Places,1974
The Sadistic Baron Von Klaus,1962
License to Drive,1988
Dr. Orloff's Monster,1967
Devil's Kiss,1976
Creature,1985
Doomed to Die,1940
Le Professionnel,1981
Knives of the Avenger,1966
Boccaccio '70,1962
Airwolf: Season 1,1984
Journey of Hope,1990
Cheers: Season 5,1986
The Andy Griffith Show: Season 2,1961
Quantum Leap: Season 3,1990
Mandabi,1968
Xala,1975
MacGyver: Season 2,1986
Crusade in the Pacific: America at War,1951
The Noose Hangs High,1948
Dragnet '67: Season 1,1967
Cry-Baby,1990
All Creatures Great and Small: Series 5,1988
Max Dugan Returns,1983
The Andy Griffith Show: Season 3,1962
Vernon  Florida,1981
Curse of the Pink Panther,1983
Calendar Girl Murders,1984
MacGyver: Season 3,1987
Crucible of Horror,1970
McMillan &#38; Wife: Season 1,1971
Columbo: Season 3,1973
Bleak House,1985
Cheers: Season 6,1987
Adam-12: Season 1,1968
Emergency!: Season 1,1972
The Secret Garden,1975
Story of a Love Affair,1950
Black Girl,1966
Miami Vice: Season 2,1985
Bush Christmas,1947
Zeta One,1969
Leave It to Beaver: Season 1,1957
The Munsters: Season 2,1965
The Escape Artist,1982
Hammett,1982
Cheers: Season 7,1988
BMX Bandits,1983
Kolchak: The Night Stalker: The Complete Series,1974
McLintock!,1963
Noorie,1979
Faasle,1985
The Andy Griffith Show: Season 4,1963
MacGyver: Season 4,1988
Simba,1955
The Shadow Riders,1982
Once a Jolly Swagman,1949
Konga,1961
Madame Sousatzka,1988
Beach Balls,1988
The Andy Griffith Show: Season 5,1964
Magnum P.I.: Season 3,1982
The A-Team: Season 3,1984
Knight Rider: Season 3,1984
MacGyver: Season 5,1989
Emergency!: Season 2,1972
The Adventures of Mark Twain,1985
Yesterday  Today and Tomorrow,1963
Daddy Long Legs,1955
The Gospel Road: A Story of Jesus,1973
The Super Mario Bros. Super Show!,1989
Columbo: Season 4,1974
Leave It to Beaver: Season 2,1958
Magnum P.I.: Season 4,1983
To Be or Not to Be,1983
The Andy Griffith Show: Season 6,1965
Knight Rider: Season 4,1985
The A-Team: Season 4,1985
The Six Wives of Henry VIII,1970
Heart of the Rockies,1937
Visiting Hours,1982
Coach: Season 1,1989
The Rockford Files: Season 2,1975
Cheers: Season 8,1989
MacGyver: Season 6,1990
Curse of the Swamp Creature,1966
Columbo: Season 5,1975
The Incredible Hulk: Season 1,1978
The Boy &#38; the Pirates,1960
Warning Shadows,1923
All Creatures Great and Small: Series 6,1989
The River's Edge,1957
The Double Headed Eagle: Hitler's Rise to Power 1918-1933,1973
Amazing Stories: Season 1,1985
The Andy Griffith Show: Season 7,1966
The Sex Thief,1974
A Bit of Fry and Laurie: Season 2,1990
A Bit of Fry and Laurie: Season 1,1989
Virgin Witch,1972
Hunk,1987
The A-Team: Season 5,1986
Concorde Affair,1978
Alfred Hitchcock Presents: Season 2,1956
Zulu Dawn,1979
The Wild Geese,1978
Magnum P.I.: Season 5,1984
Mission: Impossible: Season 1,1966
The Andy Griffith Show: Season 8,1967
One Arabian Night,1920
Anna Boleyn,1920
The Wildcat,1921
Soldier Blue,1970
Airwolf: Season 2,1984
Home Before Midnight,1979
Invisible Invaders,1959
The Mini-Skirt Mob,1968
Move Over  Darling,1963
'night  Mother,1986
Mafioso,1962
Heroes,1977
Woman Times Seven,1967
Emergency!: Season 3,1973
The Ceremony,1963
Beauty and the Beast: Season 1,1987
Magnum P.I.: Season 6,1985
The Rockford Files: Season 3,1976
Family Ties: Season 1,1982
Miami Vice: Season 4,1987
Miami Vice: Season 3,1986
Starcrash,1979
Hawaii Five-O: Season 1,1968
Twin Peaks: Season 2,1990
Bedazzled,1967
Becket,1964
The Comeback,1978
The Mummy's Curse,1944
The Mummy's Hand,1940
Bye Bye Brazil,1979
Kidnapped,1974
The Rockford Files: Season 4,1977
Coach: Season 2,1989
Airwolf: Season 4,1987
Airwolf: Season 3,1985
Mission: Impossible: Season 2,1967
The Amazing Transparent Man,1960
Ghidorah: The Three Headed Monster,1964
The Hardy Boys Nancy Drew Mysteries: Season 2,1977
Miami Vice: Season 5,1988
Beauty and the Beast: Season 2,1988
The Incredible Hulk: Season 2,1978
Hawaii Five-O: Season 2,1969
Galactica 1980: The Complete Series,1980
All Creatures Great and Small: Series 7,1990
7 Plus Seven,1970
Seven Up,1964
Alfred Hitchcock Presents: Season 3,1957
The Great Northfield Minnesota Raid,1972
Family Ties: Season 2,1983
Be Yourself,1930
Magnum P.I.: Season 7,1986
Magnum P.I.: Season 8,1987
Felix the Cat: Golden Anniversary Edition,1958
The Iron Rose,1973
Mission: Impossible: Season 3,1968
Hawaii Five-O: Season 3,1970
Dangerous Curves,1989
The Rockford Files: Season 5,1978
Troll 2,1990
The Hardy Boys Nancy Drew Mysteries: Season 3,1978
The Rockford Files: Season 6,1979
Amazing Stories: Season 2,1986
Emergency!: Season 4,1974
Beauty and the Beast: Season 3,1989
Quincy  M.E.: Season 6,1980
Quincy  M.E.: Season 7,1981
Quincy  M.E.: Season 8,1982
Quincy  M.E.: Season 3,1977
Quincy  M.E.: Season 5,1979
Quincy  M.E.: Season 4,1978
Walker,1987
Twin Peaks: Season 1,1990
The Hands of Orlac,1924
White Mane,1953
The Red Balloon,1956
Coach: Season 3,1990
Zapped!,1982
Family Ties: Season 3,1984
Emergency!: Season 5,1975
Emergency!: Season 6,1976
Adam-12: Season 3,1970
Adam-12: Season 2,1969
Adam-12: Season 6,1973
Adam-12: Season 7,1974
Adam-12: Season 4,1971
Adam-12: Season 5,1972
Leave It to Beaver: Season 5,1961
Leave It to Beaver: Season 6,1962
Leave It to Beaver: Season 3,1959
Leave It to Beaver: Season 4,1960
McMillan &#38; Wife: Season 2,1972
McMillan &#38; Wife: Season 3,1973
Dragnet '69: Season 3,1969
Dragnet '70: Season 4,1970
Dragnet '68: Season 2,1968
McMillan &#38; Wife: Season 6,1976
McMillan &#38; Wife: Season 4,1974
McMillan &#38; Wife: Season 5,1975
The Incredible Hulk: Season 3,1979
The Incredible Hulk: Season 4,1980
The Swimming Pool,1969
The Last Emperor,1987
The Incredible Hulk: Season 5,1981
Tinimbang Ka Ngunit Kulang,1974
Insiang,1976
California,1963
Diary of a High School Bride,1959
The First Time,1968
In Dangerous Company,1988
Malone,1987
Saintly Sinners,1962
Five Steps to Danger,1957
Huk!,1956
Cheers: Season 9,1990
Mission: Impossible: Season 4,1969
Hawaii Five-O: Season 4,1971
The Executioner's Song,1982
Miss Marple: Collection 2: Nemesis,1985
The Nude Bomb,1980
The Day We Met,1990
Variety,1983
Schizo,1976
Three  Two  One,1974
A Throw of Dice,1929
Won Ton Ton: The Dog Who Saved Hollywood,1976
The Mouse and the Motorcycle,1986
Dirty Money,1972
Grayeagle,1977
Gun Brothers,1956
Mass Appeal,1984
The House on Garibaldi Street,1979
Joe Dancer: The Monkey Mission,1981
Joe Dancer: The Big Trade,1981
Joe Dancer: The Big Black Pill,1981
The Return of the Musketeers,1989
Once Upon a Scoundrel,1974
Gun Duel in Durango,1957
Gun Fever,1958
Gun Street,1961
Cheech &#38; Chong: Get Out of My Room,1985
The Dark Side of the Sun,1988
Family Ties: Season 4,1985
A Connecticut Yankee in King Arthur's Court,1989
Playing for Keeps,1986
Blackenstein,1973
Mission: Impossible: Season 5,1970
Killer's Moon,1978
The Square Peg,1958
Rodan,1956
Hawaii Five-O: Season 5,1972
The Boss,1956
Escape by Night,1960
Just My Luck,1957
The Wonder Years: Season 1,1988
Intimate Betrayal,1987
Happiness,1935
Leave 'Em Laughing,1981
The Fly 2,1989
Star Trek: Season 1,1966
The Twilight Zone: Season 1 (Original Series),1959
Going Berserk,1983
Murder by the Book,1987
My Gun Is Quick,1957
Noose for a Gunman,1960
A Matter of Sex,1984
Malta Story,1953
Mercy or Murder?,1987
Melvin Purvis: G-Man,1974
The Quare Fellow,1962
Family Ties: Season 5,1986
Detective Bureau 2-3: Go to Hell Bastards,1963
3 Seconds Before Explosion,1967
It's a Pleasure,1945
Hawaii Five-O: Season 6,1973
The Reluctant Dragon,1941
Mission: Impossible: Season 6,1971
The Escapees,1981
Time Limit,1957
The Magic Bow,1946
The Other Side of the Mountain: Part 2,1978
Zombie High,1987
Never on Tuesday,1988
Screwballs,1983
Billy Jack,1971
Mission: Impossible: Season 7,1972
Hawaii Five-O: Season 7,1974
Burke and Hare,1972
You're A Good Man  Charlie Brown,1985
Black Adder's A Christmas Carol,1988
Hawaii Five-O: Season 8,1975
Scott Joplin,1977
The Choirboys,1977
The Family Album,1986
Metropolis Restored,1927
Signs of Life,1989
Runaway Ralph,1988
Star Trek,1966
Holiday Favorites: Vol. 4,1952
Holiday Favorites: Vol. 5,1954
Holiday Favorites: Vol. 1,1952
Holiday Favorites: Vol. 3,1954
Holiday Favorites: Vol. 2,1952
David Holzman's Diary,1967
Earth,1930
Forbidden World,1982
Galaxy of Terror,1981
Screwballs II: Loose Screws,1985
Teen Wolf,1985
Cross My Heart,1987
Metalstorm: The Destruction of Jared-Syn,1983
Hawaii Five-O: Season 9,1976
Adam-12,1968
Dark Shadows,1966
Columbo,1968
All Creatures Great and Small,1978
Amazing Stories,1985
Airwolf,1984
Alfred Hitchcock Presents,1955
Blackadder,1983
Emergency!,1972
Leave It to Beaver,1957
Miami Vice,1984
Magnum P.I.,1980
Inspector Alleyn Mysteries,1990
Waiting for God,1990
The Rockford Files,1974
The Munsters,1964
The Hardy Boys Nancy Drew Mysteries,1977
Red Dwarf,1988
Quincy  M.E.,1976
Quantum Leap,1989
The Dick Van Dyke Show,1961
The A-Team,1983
Piranha,1978
All Night Long,1962
Merry Christmas Mr. Lawrence,1983
Mad Ron's Prevues from Hell,1987
Knight Rider,1982
Madchen in Uniform,1958
The Kids in the Hall,1989
Saved by the Bell,1989
McMillan &#38; Wife,1971
Family Ties,1982
The Incredible Hulk,1978
Coach,1989
Dragnet,1967
Hawaii Five-O (1968),1968
The Game of Death,1978
The Happy Hooker Goes to Washington,1977
New Year's Evil,1980
Legion of Iron,1990
A Man Called Sarge,1990
A Green Journey,1990
Bridge to Silence,1989
From Hollywood to Deadwood,1989
Lady in a Corner,1989
The Hillside Stranglers,1989
Ministry of Vengeance,1989
The Eleventh Commandment,1986
Goodbye  Supermom,1988
April Morning,1988
Gor,1987
If It's Tuesday  It Still Must be Belgium,1987
Fight For Life,1987
The Man Who Fell to Earth,1987
The Longshot,1986
Beverly Hills Madam,1986
The Children of Times Square,1986
Flying Devils,1985
Leo the Last,1970
Love 600,1970
Beer,1985
Brass,1985
The Devil's Eight,1969
Listen  Let's Make Love,1969
Nutcracker: The Motion Picture,1986
It Rains in My Village,1968
Revolt,1986
Murders in the Rue Morgue,1971
A Bullet for Pretty Boy,1970
Condor,1986
Gentlemen in White Vests,1970
Face Off,1972
Money Talks,1972
Chrome and Hot Leather,1971
The American Snitch,1983
Dagmar's Hot Pants  Inc.,1971
Cocaine: One Man's Seduction,1983
The Hard Ride,1971
Carpool,1983
Forbidden Love,1982
Jennifer on My Mind,1971
In the Custody of Strangers,1982
California Dreaming,1979
Nana,1982
Ambush Murders,1982
And Your Name Is Jonah,1979
Full Moon High,1981
Anatomy of a Seduction,1978
Berlin Tunnel 21,1981
Bitter Harvest,1981
Flatbed Annie and Sweetie Pie: Lady Truckers,1979
The Children of an Lac,1980
The Evictors,1979
For the Love of It,1980
Disaster on the Coastliner,1979
Are You in the House Alone?,1978
Message from Space,1978
Intimate Strangers,1977
Cracking Up,1977
Mad Bull,1977
The Devil Within Her,1975
Million Dollar Rip Off,1976
Crime and Passion,1976
Act of Vengeance,1974
Hustling,1975
Bamboo Gods and Iron Men,1974
Dirty O'Neil,1974
Madhouse,1974
The Belstone Fox,1973
Invasion of the Bee Girls,1973
Little Cigars,1973
Jealousy,1984
The Bear Who Slept Through Christmas,1973
Burning Secret,1988
The Gambler Wore a Gun,1961
Journey to the Seventh Planet,1962
The Clown and The Kid,1961
Boy Who Caught a Crook,1961
Make Mine Mink,1960
Beyond the Time Barrier,1960
The Minotaur,1960
Lost Battalion,1962
Gunfight,1961
Alakazam the Great,1960
Mary Had a Little,1961
Invasion of the Star Creatures,1962
Hero's Island,1962
Incident in an Alley,1962
The Flight That Disappeared,1961
The Explosive Generation,1961
The Cat Burglar,1961
A Cold Wind in August,1961
Zoo Baby,1960
Fanfare for a Death Scene,1964
Johnny Cool,1963
Flame in the Streets,1961
Bitter Harvest,1963
Diary of a Bachelor,1964
Gypsy Girl,1965
Angels from Hell,1968
Hostile Witness,1968
High  Wild  And Free,1968
Killers Three,1968
Devil's Angels,1967
Hot Rod Gang,1958
Lost Lagoon,1958
The Mugger,1958
Cop Hater,1958
Dangerous Exile,1957
The Gun Runners,1958
High School Hellcats,1958
Hong Kong Confidential,1958
Machete,1958
Cage of Evil,1960
The Music Box Kid,1960
Gunfighters of Abilene,1960
Counterplot,1959
Inside the Mafia,1959
Cottage to Let,1941
I Thank You,1941
Mr. Wong in Chinatown,1939
Bulldog Jack,1935
Charley's Big-Hearted Aunt,1940
The Fatal Hour,1940
The Guv'nor,1935
The Clairvoyant,1934
First a Girl,1935
Millions Like Us,1943
Mystery of the 13th Guest,1943
Campus Rhythm,1943
Fashion Model,1945
Allotment Wives,1945
Beware of Pity,1946
Hungry Hill,1947
Captain Boycott,1947
Dear Murderer,1947
Canon City,1948
Blanche Fury,1948
Miranda,1948
English Without Tears,1944
Easy Money,1948
All Over the Town,1949
Good-Time Girl,1948
Adam and Evalyne,1949
Highly Dangerous,1950
Made in Heaven,1952
The Golden Salamander,1950
Confidence Girl,1952
Encore,1951
Egypt by Three,1953
The Fake,1953
Meet Me Tonight,1952
99 River Street,1953
The Assassin,1952
Black Orchid,1953
Bwana Devil,1952
Khyber Patrol,1954
Gog,1954
Mad About Men,1954
The Lone Gun,1954
The Diamond Wizard,1954
Captain Kidd and the Slave Girl,1954
Fast and Loose,1954
Down Three Dark Streets,1954
The Naked Street,1955
Always a Bride,1953
The Hornet's Nest,1955
Desert Sands,1955
The Large Rope,1953
Hot Cars,1956
Flight to Hong Kong,1956
Canyon Crossroads,1955
The Beast with a Million Eyes,1955
The Black Sleep,1956
Doctor At Sea,1955
Emergency Hospital,1956
The Brass Legend,1956
Crime Against Joe,1956
High Tide at Noon,1957
Hell Bound,1957
The Fuzzy Pink Nightgown,1957
Jungle Heat,1957
Checkpoint,1956
The Black Tent,1956
Doctor at Large,1957
The Big Boodle,1957
The Big Caper,1957
The Cycle Savages,1969
The Astonished Heart,1950
Day of the Nightmare,1965
Mr. Wong  Detective,1938
The Fearmakers,1958
The Fast Lady,1963
The Card,1952
The Last Mile,1959
The Dalton Girls,1957
The Living Ghost,1942
Arizona Whirlwind,1944
Death Valley Rangers,1943
The Killer Is Loose,1956
Fantômas III: The Murderous Corpse,1913
Babar: Season 3,1990
Babar: Season 2,1989
Babar: Season 1,1988
The Karate Kid: Season 1,1989
Cheers,1982
Miss Marple,1984
A Bit of Fry and Laurie,1989
MacGyver,1985
Twin Peaks,1990
The Rat Race,1960
Hard  Fast and Beautiful,1951
Black Hills Ambush,1952
In Old Caliente,1939
California Firebrand,1948
The Peacemaker,1956
Corpus Christi Bandits,1945
Here Come the Girls,1953
Citizen's Band,1977
Carson City Raiders,1948
Hawaii Five-O: Season 10,1977
Fast Break,1979
Beneath Western Skies,1944
Code of the Prairie,1944
Who's Minding the Store?,1963
The Andy Griffith Show,1960
Wings,1990
Law &#38; Order,1990
Garfield and Friends,1988
Hawaii Five-O: Season 11,1978
Hawaii Five-O: Season 12,1979
Mission: Impossible,1966
Beauty and the Beast,1987
Star Trek: The Next Generation,1987
Aces High,1976
Cloudburst,1951
Dracula's Widow,1988
So Young  So Bad,1950
Someone I Touched,1975
Screamtime,1983
Secret Screams,1989
Tank Battalion,1958
Street People,1976
The Spell,1977
Three Bad Sisters,1956
Terraces,1977
Theirs Is the Glory,1946
Two Thousand Women,1944
UFO,1956
Vice Raid,1960
Violent Playground,1958
Timestalkers,1987
Top of the World,1955
Transatlantic Tunnel,1935
Penny Princess,1952
Witness to Murder,1954
Outlaw's Son,1957
My Brother's Keeper,1948
Homeless,1989
Raiders of the Seven Seas,1953
Quartet,1948
Prelude To Fame,1950
A Place of One's Own,1945
Pier 5  Havana,1959
A Woman Possessed,1958
Pharaoh's Curse,1957
Personal Affair,1953
Sailing Along,1938
Rhodes of Africa,1936
The Cockeyed Cowboys of Calico County,1970
Hellgate,1989
The October Man,1947
Top Secret,1952
The Sleeping Car,1990
The Wonder Years,1988
The Karate Kid,1989
The Twilight Zone (Original Series),1959
Family Ties: Season 7,1988
Family Ties: Season 6,1987
Charlie Chaplin Collection: Shorts,1914
Upstairs  Downstairs,1971
Wings: Season 1,1990
Wings: Season 2,1990
G.I. Joe,1983
Babar,1989
Transformers,1984
Showdown,1973
Spider-Man and His Amazing Friends: Season 1,1981
Spider-Man and His Amazing Friends: Season 2,1981
Spider-Man and His Amazing Friends: Season 3,1981
Priest of Love,1981
Our Hospitality,1923
Sherlock Jr.,1924
The Big Fix,1978
The Public Eye,1972
Stick,1985
Moment By Moment,1978
Crackers,1984
September 30  1955,1977
W.C. Fields and Me,1976
Walk Proud,1979
The Girl from Petrovka,1974
Checkered Flag or Crash,1977
Company of Killers,1971
The Last Remake of Beau Geste,1977
House of Cards Trilogy (BBC),1990
Bleak House,1985
The Six Wives of Henry VIII,1970
The Winds of War,1983
Pride and Prejudice,1980
Mansfield Park,1983
Ken Burns: The Civil War,1990
Lonesome Dove,1989
Jane Eyre,1983
Elizabeth R,1971
Galactica 1980,1980
Battlestar Galactica (1978),1978
Kolchak: The Night Stalker,1974
The Wonder Years: Season 3,1989
The Wonder Years: Season 2,1988
The Wonder Years: Season 4,1990
Little Norse Prince Valiant,1968
Example Short 23.976 Burned In Timecode Remote Content,1979
May Love be Restored,1980
Edo Porn,1981
Hissatsu: Sure Death,1984
Troll,1986
Star Trek: The Animated Series: Season 2,1973
The Ryan White Story,1989
A Stoning in Fulham County,1988
Strange Voices,1987
Too Young the Hero,1988
Adam: His Song Continues,1986
In Defense of a Married Man,1990
Quiet Victory: The Charlie Wedemeyer Story,1988
Unspeakable Acts,1990
High Risk,1988
Star Trek: The Animated Series: Season 1,1973
Fawlty Towers,1975
Nightmares,1980
Agatha Christie's Poirot: Series 1,1989
Spider-Man and His Amazing Friends,1981
High Risk,1988
Star Trek: The Animated Series,1973
Agatha Christie's Poirot,1989
Giorgio Moroder Presents Metropolis,1984
Poltergeist III,1988
The Super Mario Bros. Super Show!,1989
Felix the Cat: Golden Anniversary Edition,1958
Mr. Bean: The Whole Bean,1990
Crusade in the Pacific: America at War,1951
Charlie Chaplin Collection,1914
Edward &#38; Mrs. Simpson,1978
Inspector Morse: Series 4,1990
Inspector Morse: Series 3,1989
Inspector Morse: Series 2,1988
Inspector Morse: Series 1,1987
Little Norse Prince Valiant,1968
Inspector Morse,1987
He-Man and She-Ra: The Secret of the Sword,1985
Fawlty Towers: Series 1,1975
Fawlty Towers: Series 2,1979
A Chorus of Disapproval,1989
Jack's Back,1988
Yesterday's Hero,1979
Miss Marple: 4.50 From Paddington,1987
Miss Marple:  A Caribbean Mystery,1989
Miss Marple: Series 1,1984
Miss Marple: Series 2,1986
Saved by the Bell: Season 1,1988
Saved by the Bell: Season 2,1989
Saved by the Bell: Season 3,1990
Blindside (1986),1986
Keeping Up Appearances,1990
Caribe,1987
Classic Doctor Who,1963
Transformers: Season 2,1985
Transformers: Season 3,1986
Transformers: Season 4,1987
G.I. Joe: Season 1,1983
Jem and the Holograms: Season 1,1985
Quincy  M.E.: Season 1,1976
Quincy  M.E.: Season 2,1977
Jem and the Holograms: Season 3,1988
Jem and the Holograms: Season 2,1987
Jem and the Holograms,1985
Midnight Matinee,1989
Bruce Lee  The Legend,1977
The Haunting of Julia,1977
Rampage,1987
Agatha Christie's Poirot: Series 2,1990
Stony Island,1978
Campion: Season 2,1990
Campion: Season 1,1989
TNT Jackson,1974
Korczak,1990
The Young Sinner,1965
Columbo: Season 7,1976
Columbo: Season 6,1976
Abel,1986
Howling V: The Rebirth,1989
Doctor Who: Carnival of Monsters,1973
Doctor Who: The Caves of Androzani,1984
Doctor Who: The Androids of Tara,1978
Doctor Who: The Aztecs,1964
Doctor Who: The Mind Robber,1968
Doctor Who: Horror of Fang Rock,1977
Doctor Who: The Leisure Hive,1980
Doctor Who: The Green Death,1973
Doctor Who: City of Death,1979
Doctor Who: Spearhead from Space,1970
Doctor Who: The Visitation,1982
Doctor Who: The Three Doctors,1972
Doctor Who: The Power of Kroll,1978
Doctor Who: The Pirate Planet,1978
Doctor Who: The Ribos Operation,1978
Doctor Who: Pyramids of Mars,1975
Doctor Who: The Ark in Space,1975
Doctor Who: The Curse of Fenric,1989
Death Watch,1980
Miami Connection,1987
Ralph S. Mouse,1987
The Mayflower Voyagers,1988
Happy New Year  Charlie Brown,1986
It's An Adventure  Charlie Brown,1983
A Charlie Brown Celebration,1982
Garfield and Friends: Vol. 2,1989
Garfield and Friends: Vol. 1,1988
Campion,1989
Wake in Fright,1971
False Witness,1989
The Baby-Sitters Club: Season 1,1990
The Baby-Sitters Club,1990
The Red Shoes,1990
Danny and the Dinosaur,1990
That Kind of Girl,1963
The Struggle,1931
Schoolgirl Hitchhikers,1973
Permissive,1972
Primitive London,1965
The Man From Beyond,1922
London in the Raw,1964
I Don't Want To Be A Man,1918
Fantômas I: In the Shadow of the Guillotine,1913
Abraham Lincoln,1930
Camera Afrique,1983
Die Nibelungen: Kriemhild's Revenge,1924
Siegfried,1924
The Doll,1919
Fantômas II: Juve vs. Fantômas,1913
Fantômas IV: Fantômas vs. Fantômas,1914
Fantômas V: The False Magistrate,1914
The Getting Of Wisdom,1978
Headin' Home,1920
Voltron: Lion Force,1984
Voltron: Lion Force,1984
Tristana,1970
Miss Annie Rooney,1942
Money Movers,1978
On the Yard,1978
Where Is Parsifal?,1984
One Down  Two to Go,1976
Raw Deal,1948
Run Angel Run,1969
September Storm,1960
Shakma,1990
Slaves,1969
Son of Hercules vs. Medusa,1963
Harakiri,1919
Overkill,1987
Hercules vs. Moloch,1963
Hercules vs. Hydra,1960
The House Across the Bay,1940
Marked for Murder,1989
Hot Target,1985
Maya,1982
Isn't Life Wonderful!,1954
It's All Over Town,1963
I Love NY,1987
It's All Happening,1963
Keys to Freedom,1988
Kung-fu Gold,1975
Carry On Cleo,1964
Carry On Cowboy,1966
Kit Carson,1940
The Lion of Thebes,1964
Let 'Em Have It,1935
Capone,1989
The Crystal Ball,1943
Confessions of Tom Harris,1969
The Club,1980
The Corsican Brothers,1941
Deadly Hero,1975
Danny,1977
Escape from Hell Island,1963
The Diamond Hunters,1975
The Duke of West Point,1938
Heavenly Pursuits,1986
Brewster's Millions,1945
Black Klansman,1966
Black Beauty,1946
The Christmas That Almost Wasn't,1966
Chinese Boxes,1984
Buffalo Soldiers,1970
Brotherhood of Death,1976
8 Million Ways to Die,1986
How to Be Louise,1990
Two Roses and a Golden Rod,1969
The Telephone Book,1971
Night of the Cobra Woman,1972
Ecstasies of Women,1969
Linda and Abilene,1969
Blue Summer,1973
Crime Zone,1988
Barracuda,1978
Prison Girls,1972
